"Method","Qbias","PBLoss"
"gamlss-NOtr_v1",0.0100033714178685,1.22169334561251
"gamlss-NOtr_v2",0.0120516950739839,1.20793957926548
"gamlss-TF2tr_v3",0.0141629518636449,1.20946161686745
"iETSCeiling",0.0249561403508772,1.59863959467635
"iETSXSeasonal",0.0249561403508772,1.59867168189907
"Poisson-GAM-te_v1",0.0368585877505151,1.20416325154523
"Poisson-GAM-te_v2",0.0369799587937816,1.18756456265218
"gamlss-NBI_v4",0.0371507772991197,1.18747817943435
"ETS(XXX)",0.0427026618269812,1.6822918857605
"GBM",0.0597992133358307,1.26207164453686
"qreg_boost_V1",0.064131635560207,1.33915380464806
"tbats_refit",0.082915852216511,1.49684417731626
"tbats",0.0832748135814088,1.50600326330926
"RegressionPoissonAR(1)",0.0967453115547489,1.28018451300665
"RegressionPoisson",0.0973790078644888,1.27905822746521
"Benchmark_1",0.10387488293688,1.25702310545046
