"Method","Qbias","PBLoss"
"gamlss-NOtr_v1",0.00989364072729024,1.22258380574729
"iETSCeiling",0.010467332123412,1.41949001814882
"iETSXSeasonal",0.010467332123412,1.41725968719303
"gamlss-NOtr_v2",0.0118521931330214,1.20855612517884
"gamlss-TF2tr_v3",0.0140251504146566,1.21010532993873
"ETS(XXX)",0.0194388989715668,1.4348617787322
"Poisson-GAM-te_v1",0.0372137002306659,1.20493620551551
"Poisson-GAM-te_v2",0.0373883558880036,1.18810722953969
"gamlss-NBI_v4",0.0375705398064333,1.18804098084208
"gamlss-PO_Ilink_v1",0.0523936858968568,1.22211434224077
"gamlss-NBI_Ilink_v4",0.0540739937726224,1.20623746544528
"Benchmark_2",0.0557392451262038,1.21742931715661
"GBM",0.0600649839497474,1.2631353795859
"qreg_boost_V1",0.0643450801450082,1.3405567653729
"tbats_refit",0.0828629764065336,1.49798639249705
"tbats",0.0833045977011494,1.50731360464204
"RegressionPoisson",0.0929416212946158,1.29352404718693
"Benchmark_1",0.104787371793714,1.25449085240995
