"Method","Qbias","PBLoss"
"gamlss-NOtr_v1",0.00989364072729024,1.22258380574729
"gamlss-NOtr_v2",0.0118521931330214,1.20855612517884
"gamlss-TF2tr_v3",0.0140251504146566,1.21010532993873
"iETSCeiling",0.0249561403508772,1.59863959467635
"iETSXSeasonal",0.0249561403508772,1.59867168189907
"Poisson-GAM-te_v1",0.0372137002306659,1.20493620551551
"Poisson-GAM-te_v2",0.0373883558880036,1.18810722953969
"gamlss-NBI_v4",0.0375705398064333,1.18804098084208
"ETS(XXX)",0.0427026618269812,1.6822918857605
"GBM",0.0600649839497474,1.2631353795859
"qreg_boost_V1",0.0643450801450082,1.3405567653729
"tbats_refit",0.0828629764065336,1.49798639249705
"tbats",0.0833045977011494,1.50731360464204
"RegressionPoissonAR(1)",0.0967453115547489,1.28018451300665
"RegressionPoisson",0.0973790078644888,1.27905822746521
"Benchmark_1",0.104025511771189,1.25818193247451
